<?xml version="1.0" encoding="UTF-8"?>
<project-private xmlns="http://www.netbeans.org/ns/project-private/1">
    <editor-bookmarks xmlns="http://www.netbeans.org/ns/editor-bookmarks/2" lastBookmarkId="0"/>
    <open-files xmlns="http://www.netbeans.org/ns/projectui-open-files/2">
        <group>
            <file>file:/D:/hbkdshamal_19221_20.1_cyber-king/Phoenix%20Airline/src/java/controller/st2.java</file>
            <file>file:/D:/hbkdshamal_19221_20.1_cyber-king/Phoenix%20Airline/src/java/model/staff1.java</file>
            <file>file:/D:/hbkdshamal_19221_20.1_cyber-king/Phoenix%20Airline/web/view2.html</file>
            <file>file:/D:/hbkdshamal_19221_20.1_cyber-king/Phoenix%20Airline/src/java/model/beanClass.java</file>
            <file>file:/D:/hbkdshamal_19221_20.1_cyber-king/Phoenix%20Airline/src/java/controller/updateClient.java</file>
            <file>file:/D:/hbkdshamal_19221_20.1_cyber-king/Phoenix%20Airline/web/view.html</file>
            <file>file:/D:/hbkdshamal_19221_20.1_cyber-king/Phoenix%20Airline/web/staff1.jsp</file>
            <file>file:/D:/hbkdshamal_19221_20.1_cyber-king/Phoenix%20Airline/src/java/controller/booking.java</file>
            <file>file:/D:/hbkdshamal_19221_20.1_cyber-king/Phoenix%20Airline/web/login.html</file>
            <file>file:/D:/hbkdshamal_19221_20.1_cyber-king/Phoenix%20Airline/src/java/controller/user.java</file>
            <file>file:/D:/hbkdshamal_19221_20.1_cyber-king/Phoenix%20Airline/web/userlogin.html</file>
            <file>file:/D:/hbkdshamal_19221_20.1_cyber-king/Phoenix%20Airline/web/client.jsp</file>
            <file>file:/D:/hbkdshamal_19221_20.1_cyber-king/Phoenix%20Airline/src/java/controller/deleteClient.java</file>
            <file>file:/D:/hbkdshamal_19221_20.1_cyber-king/Phoenix%20Airline/web/updateClient.jsp</file>
            <file>file:/D:/hbkdshamal_19221_20.1_cyber-king/Phoenix%20Airline/web/images/plane1.jpg</file>
            <file>file:/D:/hbkdshamal_19221_20.1_cyber-king/Phoenix%20Airline/src/java/model/userreg.java</file>
            <file>file:/D:/hbkdshamal_19221_20.1_cyber-king/Phoenix%20Airline/web/clientdemo.jsp</file>
            <file>file:/D:/hbkdshamal_19221_20.1_cyber-king/Phoenix%20Airline/web/images/plane-img.png</file>
            <file>file:/D:/hbkdshamal_19221_20.1_cyber-king/Phoenix%20Airline/src/java/model/admin.java</file>
            <file>file:/D:/hbkdshamal_19221_20.1_cyber-king/Phoenix%20Airline/web/style2.css</file>
            <file>file:/D:/hbkdshamal_19221_20.1_cyber-king/Phoenix%20Airline/web/sessions.jsp</file>
            <file>file:/D:/hbkdshamal_19221_20.1_cyber-king/Phoenix%20Airline/src/java/model/staff2.java</file>
            <file>file:/D:/hbkdshamal_19221_20.1_cyber-king/Phoenix%20Airline/src/java/controller/logins2.java</file>
            <file>file:/D:/hbkdshamal_19221_20.1_cyber-king/Phoenix%20Airline/src/java/controller/login.java</file>
            <file>file:/D:/hbkdshamal_19221_20.1_cyber-king/Phoenix%20Airline/src/java/controller/deletest1.java</file>
            <file>file:/D:/hbkdshamal_19221_20.1_cyber-king/Phoenix%20Airline/src/java/controller/deletes2.java</file>
            <file>file:/D:/hbkdshamal_19221_20.1_cyber-king/Phoenix%20Airline/web/images/header-bg.jpg</file>
            <file>file:/D:/hbkdshamal_19221_20.1_cyber-king/Phoenix%20Airline/src/java/controller/userl.java</file>
            <file>file:/D:/hbkdshamal_19221_20.1_cyber-king/Phoenix%20Airline/src/java/controller/logins1.java</file>
            <file>file:/D:/hbkdshamal_19221_20.1_cyber-king/Phoenix%20Airline/web/sregister.html</file>
            <file>file:/D:/hbkdshamal_19221_20.1_cyber-king/Phoenix%20Airline/web/index.html</file>
            <file>file:/D:/hbkdshamal_19221_20.1_cyber-king/Phoenix%20Airline/web/style.css</file>
            <file>file:/D:/hbkdshamal_19221_20.1_cyber-king/Phoenix%20Airline/src/java/controller/st1.java</file>
            <file>file:/D:/hbkdshamal_19221_20.1_cyber-king/Phoenix%20Airline/web/staff2.jsp</file>
            <file>file:/D:/hbkdshamal_19221_20.1_cyber-king/Phoenix%20Airline/web/sregister2.html</file>
        </group>
    </open-files>
</project-private>
